CustomerID,Name,Gender,JoinDate
1,Michael Watson,Male,2022-07-29
2,Henry Kelley,Male,2024-03-06
3,Miguel Hayes,Male,2025-01-10
4,Alison Williams,Female,2022-11-03
5,Melinda Brown MD,Male,2023-09-04
6,Jacob Bell,Female,2025-06-03
7,Crystal Johnson,Female,2022-12-13
8,James Franco,Male,2024-12-23
9,Christopher Gregory,Male,2024-12-25
10,Julie Silva,Female,2022-10-22
11,Alexis Shepherd,Female,2024-04-26
12,Jack Barnes,Female,2023-01-11
13,Joseph Whitehead,Female,2024-04-27
14,Nicholas Johnson,Female,2022-08-28
15,Sydney Frye,Male,2023-10-06
16,Elizabeth Adams,Male,2024-09-23
17,Jaime Mckinney,Male,2025-05-01
18,Anthony Chavez,Male,2023-12-27
19,Joseph Santiago,Female,2022-10-02
20,Catherine Davila,Male,2023-04-09
21,Stacey Parsons,Male,2024-05-15
22,Dana Jenkins,Male,2024-05-11
23,Joseph Thompson,Male,2022-12-15
24,Aaron Salazar,Male,2024-05-13
25,Marcus Robinson,Male,2023-02-28
26,Erik Cole,Male,2024-12-18
27,Laura Allison,Male,2025-04-11
28,Justin Phillips,Male,2024-05-14
29,Spencer Jones,Female,2025-01-12
30,Travis Bailey,Male,2022-11-25
31,Mary Wilson,Male,2022-12-25
32,Gabriel Torres,Female,2023-12-11
33,Morgan Alvarez,Female,2023-12-20
34,Mrs. Nancy Stone,Male,2023-03-31
35,Shaun Brown,Male,2023-07-24
36,Tracy Wade,Female,2024-05-24
37,Robert Murray,Male,2024-10-13
38,Jessica Williams,Female,2024-08-18
39,Kathryn Vargas,Female,2022-08-02
40,Samantha Williams,Male,2024-05-05
41,John Sutton,Male,2024-03-08
42,Courtney Black,Male,2023-04-25
43,Alexis Wu,Female,2023-09-08
44,Kenneth Jordan,Female,2024-08-07
45,Amanda Garza,Female,2024-12-06
46,Lawrence Franklin,Female,2023-04-04
47,Megan Melton,Female,2023-07-13
48,Mr. Steven King,Male,2025-04-20
49,William Edwards,Male,2025-03-20
50,David Jackson,Male,2025-02-14
51,Manuel Figueroa,Female,2023-12-14
52,Juan Pace,Female,2023-02-04
53,Richard Ochoa,Male,2023-04-08
54,Jennifer Snyder,Male,2023-03-07
55,Jay Tucker,Male,2024-08-25
56,Christina Johnson,Male,2024-01-31
57,Terri Schultz,Female,2025-04-12
58,Jessica White,Male,2024-10-30
59,Sergio Monroe,Female,2024-07-11
60,Jeffrey Calhoun,Male,2025-03-29
61,Elizabeth Ortega,Female,2024-10-24
62,Daniel Garcia,Female,2023-10-05
63,Richard Roberson,Male,2024-06-06
64,Whitney Phillips,Male,2024-06-13
65,Amanda Schmidt,Female,2024-03-04
66,Mary Dickerson,Male,2025-06-15
67,Joseph Rodriguez,Male,2024-09-16
68,Carla Martinez,Male,2024-07-13
69,Jacqueline Wood,Male,2024-08-13
70,Martin Boyer,Male,2025-05-12
71,Erica Rodriguez,Male,2024-03-17
72,Gail Chase,Female,2025-06-14
73,Bethany Reid,Female,2024-03-29
74,Joan Lopez,Female,2024-09-14
75,Michael Pope,Male,2023-01-28
76,Courtney Holt,Female,2023-05-04
77,Nicholas Heath,Male,2024-04-27
78,Kelly Walker,Male,2023-07-04
79,Lauren Nelson,Female,2024-02-24
80,Hunter Brown Jr.,Male,2024-04-25
81,Dawn Walker,Female,2023-02-04
82,Cynthia Smith,Female,2023-04-10
83,Kyle Shah,Female,2023-07-08
84,Gregory Dennis,Female,2023-10-21
85,Cindy Ayala,Female,2024-05-07
86,Vincent Fischer,Female,2023-10-28
87,Michael Hughes,Male,2025-03-27
88,Suzanne Boyd,Male,2023-09-19
89,Cheryl Robinson,Female,2023-02-12
90,Mary Brown,Male,2025-04-16
91,Jill Bryant,Male,2022-09-16
92,Mary Patrick,Male,2024-02-06
93,Debra Smith,Female,2023-08-03
94,Stephanie Grant,Male,2024-12-17
95,Robert Palmer,Male,2024-06-21
96,Peter Kelley,Female,2024-04-22
97,Alex Clark,Male,2023-12-12
98,Jimmy Gould,Male,2023-09-24
99,Timothy Ingram,Male,2024-01-26
100,Kimberly Bennett DVM,Male,2024-05-11
101,Michelle Brown,Male,2024-11-06
102,Ryan Aguirre,Male,2022-10-20
103,Ashley Harris,Male,2022-12-31
104,John Davis,Female,2025-04-02
105,Taylor Daniels,Male,2025-06-10
106,Dawn Yang,Male,2023-11-07
107,John Lee,Male,2025-05-22
108,Karen Baker,Male,2023-12-09
109,William Banks,Female,2025-03-15
110,Alan Day,Female,2025-06-20
111,Kathy Ramirez,Female,2025-02-20
112,Blake Moore,Male,2025-02-27
113,James Rodriguez,Female,2023-05-27
114,Hayden Ward,Male,2025-04-11
115,Michelle Jones,Female,2024-11-23
116,Rebecca Davis,Female,2023-09-28
117,Joe Griffin,Male,2022-09-29
118,Margaret Boone,Female,2022-12-11
119,Roger Norris,Female,2023-12-10
120,David Solis,Female,2024-12-09
121,Patricia Fernandez MD,Male,2023-02-28
122,Shannon Gordon,Male,2025-06-21
123,Stephanie Morgan,Female,2023-04-24
124,Lindsey Clark,Male,2023-07-03
125,Jesse Gardner,Male,2025-03-19
126,David Fisher PhD,Male,2025-06-15
127,Kevin Smith,Female,2024-03-02
128,Michael Weeks,Male,2023-11-03
129,Ryan Howard,Female,2022-11-10
130,Jeffery Riley,Male,2023-11-20
131,Colin Boyd,Male,2022-08-11
132,Christopher West,Female,2025-02-14
133,Heather Ferguson,Female,2023-12-10
134,Melvin Lowe,Male,2024-01-24
135,James Parrish,Female,2023-10-19
136,Brittney Andrade,Female,2023-01-25
137,David Smith,Male,2022-12-23
138,Oscar Gomez,Female,2023-09-08
139,Dana Washington,Male,2022-07-17
140,Shaun Brown,Male,2023-08-27
141,Kent Woods,Female,2025-03-07
142,Tyler Jones,Male,2025-06-06
143,Nancy Estrada,Male,2024-06-07
144,Lisa Mosley,Male,2024-02-18
145,Shannon Beltran,Female,2025-01-09
146,Sheena Macdonald,Female,2022-08-21
147,Tara Fisher,Male,2023-12-25
148,Jesse Schaefer,Female,2024-12-08
149,James Davis,Male,2025-03-08
150,Colton Taylor,Female,2023-10-11
151,Tracie Nielsen,Female,2022-08-25
152,Samantha Sheppard,Female,2023-10-07
153,Melissa Smith,Male,2022-08-18
154,Beth Walker,Male,2023-03-19
155,Michelle Reyes,Female,2024-12-01
156,Barbara Rodriguez,Female,2025-01-03
157,Amy Long,Male,2023-08-17
158,David Peterson,Male,2024-06-13
159,Steven Norton,Female,2024-05-01
160,Angel Richardson,Male,2023-07-04
161,Rachel Benton,Female,2022-08-22
162,Jonathan Perry,Male,2024-01-16
163,Alejandro Rodriguez,Female,2025-02-23
164,Edward Garcia,Female,2022-11-12
165,Robert Richards,Male,2025-05-11
166,Judith Donaldson,Male,2024-05-11
167,Susan Mitchell,Male,2024-08-04
168,Mark King,Male,2023-11-06
169,Francis Goodman,Male,2023-10-06
170,Emily Rivera DDS,Female,2023-04-25
171,Dawn Hunter,Male,2024-12-22
172,Melissa Davis,Female,2023-06-20
173,Leonard Poole,Male,2023-01-08
174,Michelle Barnett,Male,2023-08-05
175,Jennifer Christensen,Female,2023-01-23
176,Tara Ibarra,Female,2025-06-25
177,Monique Dodson,Male,2024-01-22
178,Jonathan Gutierrez,Female,2024-01-16
179,William Wallace,Male,2023-09-08
180,Gerald Gonzalez,Male,2023-08-15
181,Mr. Aaron Valdez,Male,2024-07-22
182,Michelle Lee,Female,2025-04-03
183,Timothy Brown,Female,2025-03-13
184,Carla Lee,Male,2023-06-06
185,Joe Price,Male,2023-07-10
186,Jennifer Wheeler,Male,2022-11-22
187,Richard Vaughn,Male,2024-03-09
188,Scott Zimmerman,Female,2024-07-30
189,Natasha Wright,Male,2023-07-14
190,Kenneth Wilcox DDS,Male,2024-06-03
191,Dawn Cole,Female,2022-07-25
192,Jonathan Rhodes,Female,2023-01-18
193,Alex Barajas,Male,2024-07-13
194,Heather Hudson,Female,2023-12-31
195,Lisa Mills,Male,2024-07-30
196,Danny Jones,Male,2024-05-10
197,Vanessa Stone,Female,2022-12-09
198,Sean Collier,Male,2025-05-20
199,Joshua Hernandez,Female,2024-07-05
200,Scott Thompson,Male,2022-10-05
201,Jennifer Glass,Male,2025-01-11
202,Anna Johnson,Female,2024-08-19
203,Christopher Hardy,Female,2023-12-26
204,David Pennington,Female,2022-12-12
205,Monica Reed,Male,2024-06-25
206,James Garcia,Male,2024-08-03
207,Ian Rojas,Male,2022-09-29
208,David Harding,Male,2022-09-18
209,Jessica Elliott,Female,2023-04-13
210,Mario Johnson,Female,2022-11-11
211,Christopher Hansen,Female,2024-08-08
212,Beth Oliver,Male,2022-10-03
213,Steven Medina,Female,2023-09-21
214,David Jones,Female,2024-07-02
215,Samuel Mendez,Female,2022-09-25
216,Shannon Palmer,Female,2023-08-09
217,Jesus Rodriguez,Male,2023-11-19
218,John Montes,Male,2022-08-28
219,Lauren Lewis,Female,2023-06-28
220,Elizabeth Kelley,Male,2024-03-29
221,Kerri Fuller,Female,2025-03-29
222,Melinda Johnson,Male,2023-08-10
223,Cindy Johnson,Male,2024-10-09
224,Robert Jones,Female,2023-07-10
225,Richard Sims,Female,2023-03-25
226,George Daugherty,Female,2023-09-28
227,Larry Green,Female,2025-05-14
228,Ashley Horton,Male,2023-05-01
229,Michael Henderson,Female,2024-07-03
230,Emily Vargas,Male,2022-11-13
231,Megan Johnson,Female,2025-05-17
232,Autumn Roach,Male,2022-07-20
233,Daniel Watson,Female,2023-01-20
234,Sheena Lee,Male,2024-12-15
235,Joanna Diaz,Male,2023-07-12
236,Dwayne Brown,Female,2024-05-06
237,Douglas Davis,Female,2024-09-01
238,Sandra Jones,Male,2024-02-18
239,Diana Ortiz,Female,2023-02-19
240,Nicole Mullins,Female,2022-06-29
241,Jean Cantrell,Male,2022-10-15
242,Christina Jackson,Female,2023-07-15
243,Michael Garcia,Female,2022-08-31
244,Wesley Butler,Female,2023-06-19
245,Pamela Ramos,Female,2023-05-10
246,Dylan Perkins,Female,2024-07-18
247,Michelle Holt,Female,2022-07-07
248,Thomas Black,Male,2023-05-05
249,Tyler Orr,Male,2022-09-30
250,Kurt Romero,Female,2023-06-20
251,Tracy Carney,Female,2025-01-06
252,George Bennett,Male,2023-09-15
253,Desiree Bell,Female,2022-10-28
254,Amy Weber,Female,2022-11-29
255,George Baker,Male,2022-07-28
256,Nancy Diaz,Female,2024-11-24
257,Kyle Neal,Female,2023-12-14
258,Frederick Ramirez,Male,2023-05-18
259,Brittany Barr DDS,Female,2024-07-04
260,Tommy Pierce,Female,2024-02-25
261,Christina Garcia,Female,2024-08-03
262,Tommy Benson,Female,2022-10-13
263,Christine Bates,Female,2022-11-27
264,Robert Sloan,Male,2022-12-18
265,Natalie Austin,Female,2023-03-29
266,Jennifer Bond,Male,2023-07-21
267,Jesus Taylor,Male,2024-12-02
268,Jennifer Adams,Female,2024-01-07
269,John Hood,Female,2025-02-05
270,Paul Robbins,Male,2022-11-16
271,Alejandra Richmond,Male,2022-08-01
272,Leon Davis,Female,2023-12-29
273,Sean Brown,Male,2024-03-15
274,Samuel Mcfarland,Male,2022-11-14
275,Claudia Rivera,Male,2022-09-01
276,Rodney Fitzpatrick,Male,2023-11-01
277,Mark Fields,Male,2025-01-07
278,Jeffrey Miller,Male,2025-04-24
279,Miranda Thompson,Female,2023-01-01
280,Joyce Ellison,Male,2022-11-23
281,Megan Mueller,Female,2022-07-29
282,Michelle Hernandez,Female,2024-06-29
283,Christian Mcfarland,Male,2025-05-12
284,Mark Whitaker,Female,2024-08-13
285,Mary Thomas,Female,2023-01-10
286,Jennifer Rodriguez,Female,2024-02-16
287,Nicholas Cole,Male,2022-12-07
288,Courtney Buchanan,Male,2024-02-22
289,Sandra Huang,Male,2024-05-04
290,Melissa Pineda,Male,2025-05-18
291,Louis Byrd,Female,2025-03-13
292,Robin Thomas,Male,2023-01-18
293,Mary Summers,Male,2023-10-03
294,Mr. Stephen Leach,Female,2023-07-25
295,Heather Hinton,Male,2024-04-17
296,Angela Hendricks,Male,2025-04-10
297,Jeremy Ford DDS,Male,2024-12-16
298,Mr. James Price Jr.,Female,2024-10-23
299,Kenneth Lawson,Male,2024-02-04
300,Kristy Graham,Female,2023-09-21
301,Julie Jones,Female,2025-02-01
302,Albert Skinner,Female,2024-03-05
303,Michael Lowe PhD,Female,2022-07-24
304,Robert Scott,Female,2023-07-18
305,Jennifer Williams,Male,2022-09-27
306,Natasha Owens,Female,2023-05-13
307,Devon Miranda,Female,2025-06-18
308,Stephanie Scott,Female,2022-08-30
309,Dr. Manuel Brown,Male,2022-11-10
310,Mary Martin,Female,2023-01-15
311,Crystal Sanchez,Female,2024-07-27
312,Dr. Christian Smith,Male,2022-08-26
313,Dennis Clarke,Female,2025-05-25
314,Ebony Vega,Female,2024-09-23
315,Veronica Mcpherson,Male,2022-07-28
316,Jason Wright,Female,2024-09-11
317,Mary Bell,Male,2022-07-23
318,Chris Herrera,Female,2022-07-30
319,Mrs. Barbara Jones,Female,2024-08-12
320,Michael Herrera,Female,2025-01-09
321,David Rivera,Male,2024-04-11
322,Kayla Moore,Male,2024-08-15
323,Theodore Meyers,Male,2023-02-23
324,Alicia Williams,Male,2023-05-05
325,Nicholas Farmer,Female,2022-09-04
326,Brittany Smith,Male,2024-04-04
327,Jessica Roberts,Male,2025-06-18
328,Brian Brown,Male,2024-06-16
329,Justin Dyer,Female,2024-04-08
330,Kathleen Martin,Female,2024-11-12
331,Jeffrey Collins,Female,2024-12-29
332,Tony Lewis,Female,2022-10-01
333,Ashley James,Female,2024-03-10
334,Sean Williams,Male,2023-06-18
335,Natasha Foley,Male,2023-04-17
336,Patricia Bishop,Female,2023-09-06
337,Daniel Maxwell,Female,2023-02-18
338,Cheryl Shaw,Male,2024-01-26
339,Rachel Hall,Female,2022-12-30
340,Cassidy Hanson,Female,2023-04-21
341,David Rios,Male,2022-12-04
342,Charles Barrett,Female,2025-03-01
343,Abigail Mann,Female,2024-01-23
344,Timothy Reed,Female,2023-01-09
345,Amanda Mack,Female,2025-04-24
346,Michael Duncan,Male,2024-09-23
347,Kaitlyn Kennedy,Female,2024-09-16
348,Andrew Gardner,Male,2023-01-09
349,Felicia Roberts,Female,2024-05-27
350,Daniel Clark,Female,2024-02-22
351,Michael Williams,Female,2024-09-18
352,Johnny Henry,Male,2023-09-22
353,Mr. Joshua Sweeney,Female,2024-08-06
354,Michael Perry,Female,2023-12-04
355,Richard Fry,Female,2025-05-30
356,Tara Wells,Male,2022-09-01
357,Janice Davis,Female,2025-05-18
358,Adrienne Atkins,Male,2025-01-19
359,Lisa Moody,Male,2022-09-09
360,Christopher Taylor,Female,2022-10-06
361,Jamie Simmons,Male,2025-04-22
362,Dr. Regina Kramer,Male,2023-09-29
363,Aaron Collins Jr.,Female,2024-12-10
364,Timothy Sims,Male,2022-08-11
365,Michelle Torres,Female,2024-06-10
366,Erik Miller,Male,2023-08-09
367,James Smith,Male,2024-09-01
368,Kelly Gutierrez,Female,2025-01-13
369,Tammy Ray,Female,2023-05-15
370,Angela Fox,Female,2023-12-07
371,Angela Haas,Male,2024-05-30
372,Cynthia Gross,Female,2024-04-03
373,Taylor Long,Female,2022-11-28
374,April Castaneda,Female,2023-09-18
375,Cathy Cross,Female,2024-07-24
376,Elizabeth Garcia,Female,2023-04-21
377,Rodney Acosta,Female,2023-02-21
378,Heather Taylor,Female,2024-12-28
379,Kenneth Brock,Male,2024-10-17
380,Kelly Smith,Female,2023-07-01
381,Nancy Smith,Male,2024-03-09
382,Carl Walker,Male,2023-03-03
383,Rhonda Davis,Female,2024-08-02
384,Hunter Eaton,Male,2022-11-08
385,Denise Perez,Male,2023-01-30
386,Eduardo Webb,Male,2023-03-23
387,Paula Long,Male,2024-11-05
388,Joseph Wright,Male,2025-01-28
389,Erin Frederick,Male,2022-09-08
390,Timothy Smith,Male,2024-06-16
391,Sharon Bradley,Male,2022-12-19
392,William Schneider,Male,2023-04-24
393,Stephen Peck III,Male,2025-05-05
394,Donna Martin,Female,2024-09-27
395,Sarah Hanna,Male,2022-07-10
396,Kayla Cooper,Male,2024-01-15
397,Parker Rodriguez,Female,2023-03-02
398,Benjamin Fletcher,Female,2024-06-27
399,Francisco Blackwell,Female,2023-04-03
400,Jacqueline Sanchez,Male,2024-03-07
401,Emily Pearson,Male,2025-05-06
402,Thomas Gordon,Male,2022-12-11
403,Erica Webster,Female,2024-11-04
404,Jessica Scott,Male,2025-06-07
405,Cindy Garcia,Male,2022-12-23
406,Alan Hayes,Female,2023-01-11
407,Katherine Chen,Female,2025-05-10
408,Brandon Figueroa Jr.,Female,2024-12-18
409,Sherry Carpenter,Male,2022-11-25
410,Frank Moss,Male,2022-07-18
411,Sylvia Smith,Male,2024-03-30
412,Kelsey Fuller,Male,2023-11-24
413,Tamara King,Female,2024-04-11
414,Nicole Davenport,Male,2022-07-26
415,Megan Robinson,Male,2023-03-17
416,Todd Rivers,Female,2024-10-27
417,Brenda Daniels,Female,2024-03-19
418,Amanda Davis,Female,2023-10-27
419,George Ross,Male,2024-07-26
420,Natalie Lopez,Female,2024-02-08
421,Michael Donovan,Male,2025-01-23
422,Kayla Mathews,Female,2022-07-26
423,Sierra Peterson,Female,2024-07-26
424,James Gomez,Male,2024-11-13
425,Mary Pena,Female,2023-08-17
426,Phillip Perry,Female,2023-01-20
427,Kristin Sandoval,Female,2024-03-06
428,Terry Ward,Male,2024-01-25
429,Jamie Newman,Female,2022-10-18
430,Bryan Rodriguez,Male,2025-04-13
431,Justin Lee,Female,2023-11-09
432,Michael Brown,Female,2023-02-27
433,Kevin Scott,Female,2023-11-06
434,Ronald Coleman,Female,2023-06-09
435,Anna Haas,Female,2024-10-09
436,Kelsey Ingram,Female,2022-09-04
437,Ricky Clark,Male,2025-03-06
438,Raymond Farmer,Male,2023-11-01
439,Melissa Black,Female,2025-05-28
440,Cynthia Mcdaniel,Female,2023-01-28
441,Michael Benjamin,Male,2024-05-15
442,Kathleen Hurst,Female,2024-10-30
443,Rachel Dunn,Female,2023-12-24
444,Stephanie Thompson,Female,2025-01-09
445,James Oneal,Male,2023-03-10
446,Christopher James,Female,2024-04-23
447,Gail Cooper,Female,2024-07-27
448,James Bryant,Male,2025-05-10
449,Christopher Richardson,Female,2022-10-23
450,Rebecca Woodard,Male,2023-08-23
451,Patrick Baker,Female,2025-06-24
452,Christopher Harrell,Female,2023-05-18
453,Kaitlyn Hoffman,Female,2023-08-18
454,Marvin Collins,Female,2025-04-12
455,Brendan Henderson,Female,2022-08-14
456,Katie Brown,Male,2024-09-08
457,John Perez,Male,2023-01-18
458,Elizabeth Parks,Male,2024-12-08
459,Benjamin Silva,Male,2025-03-18
460,Karina Richardson,Female,2023-05-12
461,Jackson Butler,Female,2023-11-27
462,Robert Walker,Male,2023-08-09
463,Katie Norman,Female,2024-03-05
464,Taylor Garcia,Female,2024-01-06
465,Megan Wolf,Female,2022-10-29
466,Karen Mason,Male,2024-08-17
467,Steve Rice,Male,2025-05-14
468,Seth Gomez,Female,2024-10-29
469,Kathryn Smith,Male,2024-04-13
470,Judy Hicks,Female,2024-10-04
471,Lauren Chan,Male,2024-01-22
472,Kathleen Morrison,Female,2025-04-06
473,Sydney Smith,Female,2023-06-02
474,Duane Ruiz,Female,2023-07-06
475,Todd Lowery,Female,2024-05-31
476,David Thompson,Female,2023-07-11
477,Ryan Snyder,Female,2024-10-12
478,Marcus Yang,Female,2023-01-19
479,Kimberly Hutchinson,Female,2023-11-09
480,Jennifer Walker,Female,2025-03-14
481,Joshua Lara,Female,2024-12-02
482,Joel Jones,Female,2023-11-28
483,Danny Blake,Male,2022-10-18
484,Anthony Moreno,Male,2025-02-20
485,Johnathan Landry,Male,2024-05-12
486,Crystal Anderson,Female,2025-01-08
487,Crystal Molina,Male,2024-02-04
488,Carlos Cunningham,Male,2025-04-12
489,John Miller,Male,2023-09-25
490,Danielle Chavez,Male,2024-08-04
491,Christian Stewart,Female,2022-11-10
492,Paul Miller,Female,2024-04-11
493,John Gordon,Female,2023-03-07
494,Tammy Chapman,Male,2025-05-28
495,William Martin,Male,2023-07-13
496,Laura Roberts,Female,2022-09-09
497,Jonathan Wilson,Male,2023-04-27
498,Dr. Elizabeth Caldwell,Female,2022-10-31
499,Brenda Johnson,Male,2023-05-13
500,Justin Salinas,Female,2023-10-15
501,Erica Williams,Male,2023-05-05
502,Richard Monroe,Male,2023-05-29
503,Jason Smith,Female,2023-10-13
504,Alexander Rivera,Male,2024-12-30
505,Pedro Raymond,Male,2025-04-17
506,Christopher Mercer,Female,2023-12-31
507,Diana Taylor,Male,2024-02-27
508,Stacey Pennington,Female,2025-05-07
509,Gregory Meza,Male,2024-08-09
510,Mark Brock,Male,2024-04-04
511,Daniel Henry,Female,2022-09-05
512,Lindsay Waters,Female,2023-05-29
513,Brian Anderson,Female,2023-10-18
514,John Taylor,Female,2025-01-16
515,Kimberly Williams,Female,2025-02-11
516,Christopher Leach,Male,2025-04-11
517,Rachel Lee,Male,2024-04-19
518,Christopher Wood,Female,2024-06-18
519,Brittany Adams,Female,2022-09-02
520,Samantha Meyer,Male,2024-12-10
521,Patricia Mccall,Male,2022-12-11
522,Erin Grant,Female,2025-05-26
523,Heather Duke,Female,2023-07-18
524,Frederick Franklin,Male,2023-06-03
525,Christopher Atkinson,Male,2022-07-14
526,Chelsey Woodard,Male,2025-06-15
527,Derek Powell,Male,2022-12-10
528,Charles Hodges,Female,2022-08-04
529,Shelby Lane,Male,2023-12-30
530,Carl Taylor,Male,2024-05-28
531,Glen Russell,Male,2023-12-25
532,Brittany Rodriguez,Female,2023-09-19
533,Mrs. Jennifer Hines,Male,2024-06-27
534,Tracy Rios,Female,2022-09-20
535,Jennifer Smith,Female,2023-01-30
536,Robin Sweeney,Female,2025-03-24
537,Mr. Lance Moore,Female,2022-12-23
538,Andrew Beltran,Female,2025-03-27
539,Samuel Patterson,Female,2023-12-28
540,Patricia Baker,Male,2024-07-07
541,Erik Burns,Male,2022-12-19
542,Amy Reeves,Male,2024-05-16
543,Kimberly Welch,Male,2025-04-06
544,Marie Smith,Female,2023-09-21
545,Julie Dean,Male,2024-09-02
546,Shawn Hudson,Male,2023-08-03
547,Pamela Pugh,Male,2023-08-30
548,Beth Moore,Male,2023-04-28
549,Julie Henson,Male,2024-04-02
550,Charles Green,Male,2024-11-28
551,Vincent Lloyd,Male,2023-09-07
552,Samuel Carey,Female,2024-01-28
553,Melanie Williams,Female,2024-07-31
554,Lucas Johnston,Female,2025-02-19
555,Danielle Harrison,Female,2024-12-03
556,Brian Reynolds,Male,2023-11-20
557,Jeremy Barnes,Male,2022-07-02
558,Austin Garcia,Female,2022-08-23
559,Thomas Ellis,Female,2023-04-26
560,Joseph Powell,Female,2024-06-13
561,Michelle Henry,Male,2024-03-21
562,Stacy Abbott,Male,2023-09-30
563,Jessica Mendez,Female,2025-01-29
564,Melissa Quinn,Male,2023-12-21
565,Connor Mckinney,Female,2025-04-23
566,Daniel Jones,Male,2023-06-12
567,Lisa Adams,Male,2024-08-22
568,Jonathan Ramirez,Male,2024-03-20
569,Mary Garza,Female,2023-01-15
570,Ivan Mendoza,Male,2024-03-01
571,Xavier Mitchell,Male,2022-11-30
572,Jonathan Weeks,Male,2025-03-15
573,Carla Santos,Male,2024-02-16
574,Jonathan Carey,Female,2023-02-03
575,Eric Nguyen,Female,2024-07-03
576,Robert Taylor,Female,2024-09-14
577,Betty Barnes DVM,Male,2024-01-30
578,Amy Travis,Female,2024-03-04
579,Jeffery Decker,Female,2024-04-24
580,Mary Robinson,Female,2022-07-05
581,Felicia Torres,Female,2023-03-03
582,Jessica Carroll,Female,2022-08-14
583,Savannah Warner,Female,2023-06-16
584,Anthony Jackson,Male,2023-06-25
585,Dylan Brown,Male,2023-02-28
586,Mrs. Courtney Cabrera MD,Female,2023-06-21
587,Amanda Sanders,Female,2023-08-23
588,Margaret Foster,Female,2024-07-04
589,Stephanie Walker,Male,2023-01-19
590,Gabriella Garrett,Male,2023-09-17
591,Michael Estrada PhD,Male,2024-03-01
592,Andrew Foster,Male,2023-10-26
593,James Simpson,Female,2023-12-09
594,Katie King,Male,2025-06-18
595,Amanda Hull,Male,2023-01-18
596,Carla Contreras,Female,2024-10-21
597,Douglas Malone,Female,2022-10-04
598,Aaron Escobar,Female,2025-04-16
599,Carmen Keith,Male,2023-09-14
600,Ross Parker,Female,2024-03-16
601,Sandra Watson,Female,2022-10-27
602,Michael Jordan,Male,2023-03-20
603,Kathryn Lee,Female,2024-05-01
604,Elizabeth Morris,Female,2023-03-31
605,Rhonda Brown,Female,2024-03-24
606,Jodi Cannon,Female,2023-05-27
607,Alexa Abbott,Female,2024-12-16
608,Gary Johnston,Male,2024-06-04
609,James Lee,Male,2024-08-04
610,Gregory Stephenson,Female,2025-05-07
611,Dennis Atkins,Female,2023-01-23
612,Janet Moreno,Female,2023-07-01
613,Gerald Acosta,Female,2022-10-31
614,Samuel Hooper,Female,2025-04-05
615,Robert Morse,Male,2025-02-27
616,Gary Richardson,Female,2024-11-24
617,Melissa Berg DDS,Male,2024-12-10
618,Megan Johnson,Female,2023-09-17
619,Alexander Thompson,Female,2023-01-27
620,Mary Brown,Female,2023-09-14
621,Jake Jones,Male,2023-10-30
622,David Mejia,Female,2025-06-06
623,Robert Manning,Male,2023-01-05
624,Larry Harris,Female,2024-05-04
625,Dustin Garcia,Female,2024-05-15
626,James Weeks,Male,2023-02-03
627,Dylan Gibbs,Male,2022-09-25
628,Miguel Stein,Female,2024-08-31
629,Kevin Barber,Female,2025-01-09
630,Jodi Golden,Female,2023-10-29
631,Amy Walker,Male,2022-12-19
632,David Gibson,Male,2024-06-27
633,Michael Jones,Female,2025-03-18
634,Michael Roberts,Male,2022-10-22
635,Jonathan Sutton,Female,2025-04-30
636,Megan Johnson,Female,2023-12-22
637,Jonathan Ryan,Female,2022-11-02
638,Mrs. Jennifer Tanner,Male,2024-08-17
639,Jose Keller,Male,2023-08-19
640,Melissa Davis,Male,2023-02-04
641,Brent Kelley,Male,2023-02-23
642,Tony Blair,Female,2023-03-24
643,Stacey Ramirez,Male,2022-12-08
644,Ronald Rivera,Female,2024-09-26
645,Kenneth Powell,Male,2024-11-06
646,Natasha Romero,Male,2023-07-07
647,Denise Richardson,Male,2023-05-26
648,Lisa Stewart,Female,2025-01-15
649,Katie Henderson,Male,2024-08-04
650,Kara Miller,Male,2024-03-18
651,Sarah Stewart,Female,2022-10-19
652,Dawn Hunt,Female,2025-05-31
653,Rachel Johnson,Female,2022-11-02
654,Renee Welch,Female,2022-08-09
655,Rachel Thompson,Female,2023-08-28
656,Katherine Berry,Female,2023-04-10
657,Jean Reynolds,Male,2023-12-07
658,Kimberly Cox,Female,2023-03-21
659,William Love,Male,2024-10-12
660,Michael Rivas,Female,2023-01-18
661,Lisa Robbins,Male,2022-07-08
662,Patrick Smith,Male,2025-06-18
663,Nicolas Jackson,Male,2025-02-21
664,Judy Waller,Female,2023-12-02
665,Daniel Mills,Female,2022-08-08
666,Robert Rich,Female,2024-11-06
667,Amber Herrera,Female,2024-08-13
668,Christopher Heath,Male,2022-10-12
669,Bonnie Gonzales,Female,2023-11-12
670,Melissa Scott,Female,2023-12-28
671,Sarah Howard,Female,2024-03-03
672,Laura Palmer,Male,2023-05-27
673,Jason Daugherty,Female,2022-07-31
674,Mikayla Gonzales,Female,2022-11-26
675,Christina Garza,Female,2024-07-29
676,Barbara Riddle,Female,2023-06-27
677,Keith Nelson,Female,2024-08-28
678,Timothy Smith,Female,2024-12-28
679,Heather Garcia,Female,2024-01-22
680,Juan Abbott,Male,2025-05-20
681,Brittany Mckenzie,Male,2024-02-02
682,Jared Moreno,Female,2023-12-04
683,Charles Adams,Male,2024-02-26
684,Sandra Sanders,Female,2025-02-17
685,Pamela Rivas,Male,2023-03-08
686,Jessica Pearson,Female,2024-04-17
687,Tony Rodriguez,Female,2024-06-12
688,Justin Dean,Female,2023-07-29
689,Robert Adams,Female,2025-03-23
690,Terry Thompson,Male,2024-12-28
691,Jorge Hubbard,Female,2023-12-09
692,Christine Cunningham,Male,2022-07-25
693,Matthew Moore,Male,2023-04-13
694,Charles Mccormick,Female,2023-05-27
695,Maria Taylor,Male,2025-04-24
696,Holly Grant,Female,2024-10-10
697,Dr. Jeremiah Hardin,Male,2024-11-04
698,Tonya Munoz,Female,2023-09-06
699,Marie Reed,Male,2023-11-07
700,Rhonda Williams,Male,2023-05-02
701,Janet Yu,Female,2025-03-19
702,Evelyn Watkins DDS,Male,2024-06-01
703,Glenn Ward,Male,2022-07-24
704,Stephen Spears,Female,2024-10-04
705,John Harrington,Female,2023-08-10
706,Courtney Williams,Female,2024-06-08
707,Jennifer Andrade,Female,2023-09-11
708,Brandon Rodriguez,Male,2024-12-17
709,David Davis,Female,2023-06-05
710,Brandon Moore,Female,2024-03-24
711,Michelle Nolan,Female,2023-07-15
712,Donna Novak,Female,2023-09-24
713,Bradley Bryant,Male,2022-07-12
714,Karen Ibarra,Male,2025-06-14
715,James Miller,Male,2025-03-29
716,Mitchell Anderson,Female,2024-04-05
717,Dale Martin,Male,2023-12-17
718,Shawn Davis,Male,2024-04-16
719,Susan Lucas,Female,2024-11-08
720,Todd Taylor,Male,2023-09-29
721,Todd Pearson,Male,2022-09-10
722,Sheri Jones,Female,2024-05-12
723,Sarah Lam,Male,2024-03-13
724,Albert Estes,Female,2022-10-23
725,Tyler Vasquez,Male,2024-02-05
726,Angela Lara,Male,2024-06-17
727,Kathleen Smith,Female,2024-05-23
728,Terry Bruce,Male,2022-08-17
729,Melinda Holt,Female,2023-05-03
730,Daniel Stokes,Female,2023-12-28
731,Melissa Reynolds,Female,2024-01-27
732,Susan Craig,Female,2024-01-13
733,Tina Mccarthy,Male,2024-03-31
734,Abigail Cox,Male,2025-06-24
735,Mrs. Abigail Jackson,Female,2024-12-23
736,Joseph Howell,Male,2024-08-17
737,Anthony George,Male,2024-10-28
738,Elijah Daniel,Male,2023-09-15
739,Kimberly Mora,Male,2025-04-24
740,Latoya Bernard,Female,2024-01-31
741,Robin Vazquez,Male,2023-03-21
742,Bobby Warner,Female,2024-12-08
743,Kristopher Peterson,Male,2024-09-15
744,Deanna Melton,Male,2023-12-19
745,Kathleen Chang,Female,2023-09-30
746,Danny Palmer,Female,2023-06-06
747,Patrick Hall,Female,2022-09-21
748,Taylor Jackson,Female,2023-02-05
749,Anthony White,Male,2024-07-29
750,Barbara Mathews,Female,2023-08-07
751,Alicia Mcclure,Female,2024-08-04
752,Angela Rogers,Male,2024-10-28
753,Kelsey Good,Male,2022-12-08
754,Shirley Bennett,Female,2024-04-14
755,Valerie Marsh,Female,2023-03-23
756,Christine Schmitt,Female,2023-09-29
757,Morgan Luna,Female,2022-11-26
758,Laura Martinez,Female,2023-08-11
759,Shari Gordon,Female,2022-08-12
760,Tyler Melendez,Female,2022-12-31
761,Pamela Cruz,Male,2022-12-10
762,Shawn Scott,Female,2025-06-14
763,Russell Rodriguez,Female,2024-11-07
764,Rebecca Brooks MD,Male,2023-01-25
765,Christopher Morgan,Male,2023-04-17
766,Teresa Davis,Female,2025-05-12
767,Mariah Hamilton,Female,2025-05-30
768,Cynthia Gonzalez,Female,2025-02-27
769,Devin Conley,Female,2024-01-28
770,Jason Scott,Male,2022-11-07
771,Destiny Walker,Female,2025-02-21
772,David Walker,Female,2024-12-01
773,Benjamin Mitchell,Male,2024-09-26
774,Jeffrey Deleon,Male,2024-11-16
775,Matthew Santana,Female,2022-08-09
776,Megan Hardy,Female,2024-08-13
777,Angela Cook,Male,2024-12-14
778,Dakota Bennett,Female,2023-05-09
779,Christopher Stephens,Male,2024-09-24
780,Logan Boyer,Male,2023-11-19
781,Joseph Watkins,Female,2023-07-21
782,Alan Young,Male,2023-11-23
783,Anthony Gomez,Male,2024-05-25
784,Dr. Rhonda Smith,Male,2022-07-25
785,Brianna Wilson,Female,2022-10-15
786,Jeffrey Johnson,Female,2023-07-20
787,Catherine Mccall,Male,2023-01-11
788,Sharon Fox,Female,2024-06-24
789,Maurice Brown,Male,2023-02-03
790,John Stewart,Male,2024-04-23
791,Lisa King,Female,2025-01-04
792,Kyle Simpson,Female,2022-11-17
793,Manuel Acevedo,Female,2024-04-28
794,Timothy Taylor,Male,2023-02-25
795,Rebecca Campbell,Male,2023-10-19
796,Sarah Lucas DVM,Male,2025-01-20
797,Timothy Hebert,Female,2024-03-15
798,Brian Santos,Female,2023-07-29
799,John Boyle,Male,2023-07-26
800,Kelly Evans,Female,2024-07-25
801,Laura Johnson,Female,2024-01-24
802,Christina Vazquez,Female,2024-06-18
803,Natasha Stuart,Female,2024-12-19
804,Dr. Molly Williams,Male,2023-11-07
805,Jesse Mcdowell,Female,2022-08-28
806,Angela Martinez,Male,2024-08-16
807,Lauren Mcbride,Male,2024-01-13
808,Gary Salinas,Male,2024-08-22
809,Jeremy Phillips,Female,2023-07-29
810,Courtney Jackson,Female,2023-05-14
811,Taylor Bender,Male,2024-08-22
812,Connor Wells,Female,2024-05-27
813,William Johnson,Male,2025-04-04
814,Jason May,Female,2023-05-31
815,Dalton Harvey,Male,2024-07-13
816,Grant Andrade,Female,2023-11-28
817,Derek Miller,Female,2024-06-29
818,Andrew Woods,Female,2023-11-04
819,Brittany Stephens,Female,2024-01-09
820,Mrs. Shari Griffin,Female,2024-07-04
821,Mark Whitaker,Male,2023-11-09
822,Harry Williams,Male,2025-01-07
823,Kelly Hunt,Female,2023-08-25
824,Ryan Miller,Male,2023-05-09
825,Theresa Thompson,Female,2023-08-17
826,Sierra Rodriguez,Male,2024-12-18
827,Vincent Clark,Male,2023-02-01
828,Mary Flynn,Female,2022-12-31
829,Jennifer Velez,Female,2023-05-07
830,Marcus Vang,Female,2025-05-23
831,Manuel Morales,Male,2024-08-15
832,Christian Barnett,Male,2023-06-07
833,Nancy Wilkinson,Male,2025-01-26
834,Brittany Hensley,Male,2022-12-07
835,Linda Moreno,Female,2024-03-31
836,Jessica Harris,Female,2022-07-29
837,Rebecca Werner,Male,2024-08-05
838,Kathy Erickson,Male,2023-04-06
839,Danny Elliott,Male,2024-12-15
840,Allison Cook,Male,2024-10-20
841,William Noble,Female,2023-12-10
842,Gary Long,Female,2023-05-16
843,Stephanie Donaldson,Female,2023-08-03
844,Kimberly Reyes,Female,2023-06-18
845,Joseph Payne,Male,2023-08-04
846,Kenneth Bailey,Female,2023-03-21
847,Kerri Barker,Male,2022-09-30
848,James Simon,Female,2023-10-08
849,Laura Jackson,Female,2024-05-06
850,James Gordon,Female,2024-04-02
851,Lisa Gill,Male,2024-08-20
852,Edgar Wise,Female,2022-10-17
853,Kurt Perry,Male,2022-08-14
854,Timothy Dickerson,Female,2024-12-28
855,Amanda Sandoval,Female,2024-10-30
856,Courtney Huynh MD,Male,2024-10-25
857,Deborah Davis,Female,2025-01-06
858,Joshua Blackburn,Male,2022-12-08
859,Bradley Wells,Female,2023-01-27
860,Benjamin Melendez,Female,2023-05-19
861,Hailey Fisher,Male,2023-04-01
862,Monica Hull,Female,2022-12-22
863,Melissa Wang,Female,2022-07-06
864,Brooke Stewart,Male,2023-09-21
865,Benjamin Morrison,Male,2025-03-16
866,Rebecca Houston,Female,2023-11-19
867,Angela Scott,Male,2022-07-15
868,Michael Johnson,Male,2024-08-04
869,Franklin Maldonado,Male,2023-10-18
870,Laura Morales,Male,2022-09-15
871,Kristina Shaw,Female,2025-06-05
872,Michele Medina,Male,2023-07-04
873,Devin Wells,Male,2023-01-02
874,Holly Jones,Male,2023-08-07
875,Cynthia Stevens,Male,2022-08-03
876,Krystal White,Male,2022-11-23
877,Jennifer Rowe,Male,2024-12-26
878,Natalie Richardson,Male,2023-10-26
879,Matthew Griffin,Female,2023-06-04
880,Robert Douglas,Male,2023-12-02
881,Zachary Turner,Male,2024-01-11
882,Jordan Sanchez,Female,2023-05-28
883,Anna Novak,Male,2024-03-07
884,Matthew Hensley,Male,2024-08-11
885,Debra Snyder,Female,2025-06-14
886,Anne Garcia,Male,2024-07-24
887,Erin Leon,Male,2025-01-24
888,Rhonda Boyer,Male,2024-07-26
889,John Wu,Male,2023-07-12
890,Jonathan Williams,Male,2023-03-24
891,Sharon Taylor,Female,2025-03-19
892,Michael Warren,Male,2024-11-23
893,Kevin Hill,Female,2022-09-03
894,John Scott,Male,2023-09-25
895,Jeffrey Hill,Male,2024-12-23
896,Diane Cobb,Female,2023-12-14
897,Sandra Peterson,Male,2024-08-26
898,Valerie Campos,Male,2025-02-22
899,Caroline Wilson,Female,2023-12-13
900,Travis Harper,Male,2022-07-30
901,Ellen Prince,Male,2022-10-24
902,Monica James DDS,Female,2024-07-23
903,Tyler Rivera,Female,2022-09-17
904,Michelle Carrillo,Female,2024-04-05
905,Curtis Curtis,Male,2022-07-27
906,Dana Harvey,Female,2022-08-16
907,Barbara Lewis,Male,2025-06-01
908,Ashley Williams,Male,2022-07-02
909,Corey Jones,Female,2025-01-29
910,Julia Lewis,Female,2024-08-16
911,Deborah Smith,Male,2023-02-17
912,Robert Roberts,Male,2024-04-01
913,Eric Ford,Female,2023-06-15
914,Candice Kelly,Female,2023-04-01
915,Jaime Thompson,Female,2024-06-01
916,David Robinson,Male,2025-05-19
917,Hector Mendez,Female,2023-05-16
918,Carl Diaz,Female,2024-06-24
919,Joseph Santiago,Male,2025-01-27
920,David Williams Jr.,Male,2025-03-18
921,Patrick Barron,Female,2023-09-12
922,Roger Yates,Male,2023-08-07
923,Allison Gonzalez DDS,Male,2024-08-05
924,Todd Ellis,Male,2022-07-02
925,Connie Carter,Female,2025-03-17
926,Wesley Cook,Female,2024-02-08
927,Crystal Warner,Female,2022-12-08
928,Dustin Mooney,Female,2024-08-28
929,Gail Hughes,Female,2024-11-07
930,Stephanie Burton,Female,2022-08-04
931,Laura Benitez,Male,2022-11-08
932,Jermaine Mckay,Male,2024-04-10
933,Robert Martinez,Male,2024-12-11
934,Daniel Perez,Female,2022-11-03
935,Shannon Mendoza,Female,2025-04-03
936,Donald Williams,Male,2025-03-26
937,Theresa Schmidt,Female,2023-11-19
938,Miguel Jenkins,Female,2022-10-15
939,Robert Gonzales,Female,2024-08-18
940,Brandy Morrison,Female,2023-10-23
941,Brenda Hall,Female,2023-06-01
942,Christian Jimenez,Male,2024-09-02
943,Anne Ramirez,Female,2025-04-24
944,Katrina Brewer,Female,2025-05-21
945,Christopher Smith,Female,2023-06-19
946,Rachael Morgan,Female,2024-02-18
947,William Gray,Female,2023-02-27
948,Charles Watkins,Male,2022-10-28
949,Christopher Moore,Female,2025-05-02
950,Stephanie Brown,Male,2023-08-21
951,Eric Schwartz,Male,2023-10-27
952,Daniel Fields,Male,2024-11-10
953,Jasmine Booth,Male,2024-03-14
954,Brandon Evans,Female,2022-12-06
955,Debbie Baker,Male,2022-12-18
956,Kimberly David,Female,2023-11-15
957,Mark Kelly,Male,2023-12-30
958,Mr. Jason Carr II,Male,2023-10-08
959,Gary Wright,Female,2023-04-24
960,Michelle Barber,Male,2024-09-20
961,Amy Ballard,Female,2024-05-04
962,Anthony Anderson,Female,2023-06-04
963,Amy Barnes,Female,2024-02-18
964,Carla Stone,Male,2024-07-17
965,Zachary Barber,Female,2025-02-26
966,Laura Rush,Female,2024-10-07
967,Eric Carter,Female,2024-08-12
968,Shari Parker,Male,2024-08-28
969,Joshua Rodriguez,Male,2025-02-11
970,Jasmine Cruz,Male,2022-08-01
971,Kristen Morris,Female,2023-08-26
972,Eric Gonzalez,Male,2025-06-25
973,Tammy Taylor,Male,2024-08-07
974,David King,Female,2024-01-30
975,Kevin Schaefer,Female,2022-12-24
976,Hannah Barrett,Male,2024-04-17
977,Andrea Moore,Female,2025-03-20
978,Denise Harris,Male,2023-06-28
979,James Lee,Female,2022-11-19
980,Lindsey Garcia,Male,2022-10-10
981,Donna Weber,Female,2023-05-17
982,Natasha Brooks,Male,2024-04-14
983,Amy Osborn,Male,2023-06-19
984,Brandy Woods,Female,2023-08-22
985,Erika Clark,Female,2024-02-25
986,Ruth Small,Female,2022-10-28
987,Nicholas Moore,Female,2024-04-26
988,Kristin Lawrence,Male,2023-03-02
989,Joshua Anderson MD,Male,2023-11-06
990,Michael Nicholson,Male,2025-06-17
991,Kristine Snyder,Female,2022-12-07
992,Dr. Derrick Patton,Male,2022-07-27
993,Tracie Schmidt,Male,2025-01-18
994,Doris Taylor,Male,2024-01-06
995,Kathy Hill,Male,2024-01-18
996,Jessica Herrera,Male,2025-02-20
997,Kevin Robertson,Female,2023-02-21
998,Jessica Nelson,Female,2022-10-19
999,Joshua Wilson,Female,2025-04-16
1000,Paul Ball,Female,2023-08-03
